url,name,address,city,state,phone
https://www.montaguedental.ca/site/home?utm_source=G&utm_medium=LPM&utm_campaign=DentalCorp,Montague River Dentistry,"4B Riverside Dr, Montague, PE C0A 1R0, Canada",PE C0A 1R0,Canada,+1 902-813-6169
https://www.waterviewdentalpei.ca/,Waterview Dental,"519 N River Rd, Charlottetown, PE C1E 1J6, Canada",PE C1E 1J6,Canada,+1 902-628-8088
https://www.wsdc.ca/site/home?utm_source=G&utm_medium=LPM&utm_campaign=DentalCorp,Water Street Dental Clinic,"645 Water St E, Summerside, PE C1N 4H9, Canada",PE C1N 4H9,Canada,+1 902-712-5404
http://www.gatewaydentalpei.com/,Gateway Dental,"369 Grafton St, Charlottetown, PE C1A 1M1, Canada",PE C1A 1M1,Canada,+1 902-892-4444
https://dentistinkensington.ca/,Kensington Dental Clinic,"50 Broadway St S, Kensington, PE C0B 1M0, Canada",PE C0B 1M0,Canada,+1 902-836-3977
http://keepsmilingcornwall.com/,Cornwall Dental Clinic,"11 Church St, Cornwall, PE C0A 1H0, Canada",PE C0A 1H0,Canada,+1 902-566-4004
https://www.downtowndentalpei.com/site/home?utm_source=G&utm_medium=LPM&utm_campaign=DentalCorp,Downtown Dental,"232 Queen St Ste 100, Charlottetown, PE C1A 4B8, Canada",PE C1A 4B8,Canada,+1 902-813-1930
http://www.belvederedental.ca/,Belvedere Dental Clinic,"184 Belvedere Ave, Charlottetown, PE C1A 2Z1, Canada",PE C1A 2Z1,Canada,+1 902-566-5199
http://www.charlottetowndentalclinic.ca/,Charlottetown Dental Clinic,"35 Grafton St, Charlottetown, PE C1A 1K6, Canada",PE C1A 1K6,Canada,+1 902-566-1515
http://northwestdentistry.ca/,Northwest Dentistry (Dr. Karen McLean),"21 John Yeo Dr Ste 4, Charlottetown, PE C1E 3J3, Canada",PE C1E 3J3,Canada,+1 902-566-1010
http://dianadental.ca/,Diana Dental,"273 Delrex Blvd, Georgetown, ON L7G 4G4, Canada",ON L7G 4G4,Canada,+1 905-873-6485
http://riverviewdentalpei.com/campbell,Riverview Dental,"1 Garfield St, Charlottetown, PE C1A 6A4, Canada",PE C1A 6A4,Canada,+1 902-367-4481
https://www.drkerbybruceandassociates.ca/site/home?utm_source=G&utm_medium=LPM&utm_campaign=DentalCorp,Dr. Kerby Bruce and Associates,"184 Belvedere Ave, Charlottetown, PE C1A 2Z1, Canada",PE C1A 2Z1,Canada,+1 902-813-5015
http://www.tcapei.com/,Tranquility Cove Adventures,"2 Kent St, Georgetown, PE C0A 1L0, Canada",PE C0A 1L0,Canada,+1 902-969-7184
https://www.georgetowndentalclinic.ca/,Results,"211 Guelph St Ste #3, Georgetown, ON L7G 5B5, Canada",ON L7G 5B5,Canada,+1 905-877-0209
https://www.seasidesmileshygiene.ca/,Results,"7 Green St, Souris, PE C0A 2B0, Canada",PE C0A 2B0,Canada,+1 902-687-2822
https://www.cornwalldentalcare.com/,Results,"4 Meadowbank Rd Unit 8, Cornwall, PE C0A 1H0, Canada",PE C0A 1H0,Canada,+1 902-816-1904
https://www.downtowngeorgetowndental.com/,Results,"40 Main St S, Georgetown, ON L7G 3G4, Canada",ON L7G 3G4,Canada,+1 905-877-4371
https://www.princeedwardisland.ca/en/information/health-pei/dental-health-services,Results,"152 St Peters Rd, Charlottetown, PE C1A 5P8, Canada",PE C1A 5P8,Canada,+1 902-368-5460
https://www.southportdentalclinic.ca/site/home?utm_source=G&utm_medium=LPM&utm_campaign=DentalCorp,Results,"5 Glen Stewart Dr, Stratford, PE C1B 2A8, Canada",PE C1B 2A8,Canada,+1 902-813-6093
http://rochfordfamilydental.com/,Results,"45 Rochford St, Charlottetown, PE C1A 3T2, Canada",PE C1A 3T2,Canada,+1 902-894-9232
https://www.princeedwardisland.ca/en/information/health-pei/provincial-dental-care-program,Results,"205 Linden Ave, Summerside, PE C1N 2K4, Canada",PE C1N 2K4,Canada,+1 902-368-5460
https://summitcentre.com/,Results,"342 Grafton St, Charlottetown, PE C1A 1L8, Canada",PE C1A 1L8,Canada,+1 902-892-7600
https://www.facebook.com/HamptonDentalClinic,Results,"19566 Trans Canada Hwy-Rte 1, Crapaud, PE C0A 1J0, Canada",PE C0A 1J0,Canada,+1 902-658-2919
http://4kidsdentistry.ca/,Results,"1B Garfield St, Charlottetown, PE C1A 6A4, Canada",PE C1A 6A4,Canada,+1 902-370-5437
https://www.islandsmilesdentistry.ca/?utm_source=https://www.islandsmilesdentistry.ca/services&utm_medium=organic&utm_campaign=gmb-listing,Results,"388 Central St Ste B, Summerside, PE C1N 0H6, Canada",PE C1N 0H6,Canada,+1 902-436-2642
https://www.redshoredental.ca/?utm_source=https://www.redshoredental.ca/services&utm_medium=organic&utm_campaign=gmb-listing,Results,"110 Kensington Rd, Charlottetown, PE C1A 5J5, Canada",PE C1A 5J5,Canada,+1 902-620-7222
https://parkdaledentalclinic.ca/,Results,"103 St Peters Rd, Charlottetown, PE C1A 5P1, Canada",PE C1A 5P1,Canada,+1 902-566-1123
http://www.allaboutmepei.ca/,Results,"571 Main St, Montague, PE C0A 1R0, Canada",PE C0A 1R0,Canada,+1 902-500-2355
https://www.islandmobiledentalhygiene.com/,Results,"28C Myrtle St, Stratford, PE C1B 2W2, Canada",PE C1B 2W2,Canada,+1 902-707-6453
https://akitu.io/zukUk,Results,"27014 PE-2 #104, Summerside, PE C1N 4J8, Canada",PE C1N 4J8,Canada,+1 902-439-5455
http://www.tignishdentalclinic.ca/,Results,"305 Church St, Tignish, PE C0B 2B0, Canada",PE C0B 2B0,Canada,+1 902-882-2483
https://confedcourtmall.com/island-denture-clinic/,Results,"119 Kent St Suite 210, Charlottetown, PE C1A 1N3, Canada",PE C1A 1N3,Canada,+1 902-916-0086
http://www.dapei.ca/,Results,"184 Belvedere Ave, Charlottetown, PE C1A 2Z1, Canada",PE C1A 2Z1,Canada,+1 902-892-4470
https://www.cornwalldentalcare.com/site/home,Results,"4 Meadowbank Rd Unit 8, Cornwall, PE C0A 1H0, Canada",PE C0A 1H0,Canada,+1 902-628-1620
https://www.thedentalcentrepei.com/,Results,"202 Maceachern St, Summerside, PE C1N 5V4, Canada",PE C1N 5V4,Canada,+1 902-436-4444
https://www.gatewaydentalpei.com/team/dr-marla-peters,Results,"369 Grafton St, Charlottetown, PE C1A 1M1, Canada",PE C1A 1M1,Canada,+1 902-894-8900
